"0","as.numeric(levels(data$dollar_ex))[data$dollar_ex]
"
"1","   [1]"
"1"," 1.000000e+00"
"1"," 1.680000e+00"
"1"," 1.790000e+00"
"1"," 6.329114e-01"
"1"," 1.470000e+00"
"1"," 5.140000e+02"
"1"," 8.280000e+00"
"1","
"
"1","   [8]"
"1"," 3.910000e+01"
"1"," 8.040000e+00"
"1"," 1.075269e+00"
"1"," 7.790000e+00"
"1"," 2.790000e+02"
"1"," 7.945000e+03"
"1"," 4.050000e+00"
"1","
"
"1","  [15]"
"1"," 1.060000e+02"
"1"," 3.800000e+00"
"1"," 9.410000e+00"
"1"," 2.010000e+00"
"1"," 4.300000e+00"
"1"," 2.850000e+01"
"1"," 1.700000e+00"
"1","
"
"1","  [22]"
"1"," 6.720000e+00"
"1"," 1.108000e+03"
"1"," 8.840000e+00"
"1"," 1.700000e+00"
"1"," 3.060000e+01"
"1"," 3.800000e+01"
"1"," 1.000000e+00"
"1","
"
"1","  [29]"
"1"," 1.000000e+00"
"1"," 1.980000e+00"
"1"," 2.190000e+00"
"1"," 6.993007e-01"
"1"," 1.560000e+00"
"1"," 6.010000e+02"
"1"," 8.280000e+00"
"1","
"
"1","  [36]"
"1"," 3.900000e+01"
"1"," 8.460000e+00"
"1"," 1.136364e+00"
"1"," 7.800000e+00"
"1"," 3.030000e+02"
"1"," 1.085500e+04"
"1"," 1.240000e+02"
"1","
"
"1","  [43]"
"1"," 3.800000e+00"
"1"," 9.290000e+00"
"1"," 2.470000e+00"
"1"," 5.030000e+01"
"1"," 4.030000e+00"
"1"," 2.890000e+01"
"1"," 1.810000e+00"
"1","
"
"1","  [50]"
"1"," 8.130000e+00"
"1"," 1.325000e+03"
"1"," 1.028000e+01"
"1"," 1.730000e+00"
"1"," 3.290000e+01"
"1"," 4.550000e+01"
"1"," 1.000000e+00"
"1","
"
"1","  [57]"
"1"," 3.130000e+00"
"1"," 1.860000e+00"
"1"," 2.340000e+00"
"1"," 6.896552e-01"
"1"," 1.570000e+00"
"1"," 6.550000e+02"
"1"," 8.280000e+00"
"1","
"
"1","  [64]"
"1"," 3.400000e+01"
"1"," 8.380000e+00"
"1"," 1.123596e+00"
"1"," 8.000000e+00"
"1"," 2.720000e+02"
"1"," 9.430000e+03"
"1"," 4.790000e+00"
"1","
"
"1","  [71]"
"1"," 1.300000e+02"
"1"," 3.800000e+00"
"1"," 9.280000e+00"
"1"," 2.240000e+00"
"1"," 8.560000e+00"
"1"," 3.430000e+00"
"1"," 5.100000e+01"
"1","
"
"1","  [78]"
"1"," 4.040000e+00"
"1"," 3.120000e+01"
"1"," 1.820000e+00"
"1"," 1.090000e+01"
"1"," 1.304000e+03"
"1"," 1.040000e+01"
"1"," 1.660000e+00"
"1","
"
"1","  [85]"
"1"," 3.480000e+01"
"1"," 4.330000e+01"
"1"," 1.324500e+06"
"1"," 1.000000e+00"
"1"," 8.570000e+02"
"1"," 2.880000e+00"
"1"," 1.610000e+00"
"1","
"
"1","  [92]"
"1"," 3.070000e+00"
"1"," 6.329114e-01"
"1"," 1.450000e+00"
"1"," 7.160000e+02"
"1"," 8.280000e+00"
"1"," 2.890000e+01"
"1"," 6.780000e+00"
"1","
"
"1","  [99]"
"1"," 5.920000e+00"
"1"," 9.090909e-01"
"1"," 7.800000e+00"
"1"," 2.240000e+02"
"1"," 8.740000e+03"
"1"," 1.200000e+02"
"1"," 3.800000e+00"
"1","
"
"1"," [106]"
"1"," 1.053000e+01"
"1"," 1.780000e+00"
"1"," 3.460000e+00"
"1"," 5.250000e+01"
"1"," 3.890000e+00"
"1"," 3.110000e+01"
"1"," 1.780000e+00"
"1","
"
"1"," [113]"
"1"," 7.560000e+00"
"1"," 1.220000e+03"
"1"," 8.340000e+00"
"1"," 1.370000e+00"
"1"," 3.480000e+01"
"1"," 4.270000e+01"
"1"," 1.600500e+06"
"1","
"
"1"," [120]"
"1"," 1.000000e+00"
"1"," 1.598000e+03"
"1"," 2.950000e+00"
"1"," 1.430000e+00"
"1"," 3.180000e+00"
"1"," 5.586592e-01"
"1"," 1.370000e+00"
"1","
"
"1"," [127]"
"1"," 6.410000e+02"
"1"," 8.280000e+00"
"1"," 2.769830e+03"
"1"," 4.335500e+02"
"1"," 2.650000e+01"
"1"," 6.220000e+00"
"1"," 6.190000e+00"
"1","
"
"1"," [134]"
"1"," 8.333333e-01"
"1"," 7.790000e+00"
"1"," 2.110000e+02"
"1"," 9.120000e+03"
"1"," 1.130000e+02"
"1"," 3.800000e+00"
"1"," 1.160000e+01"
"1","
"
"1"," [141]"
"1"," 1.640000e+00"
"1"," 6.849100e+00"
"1"," 5.776000e+01"
"1"," 3.490000e+00"
"1"," 5.590000e+01"
"1"," 3.870000e+00"
"1"," 2.900000e+01"
"1","
"
"1"," [148]"
"1"," 3.750200e+00"
"1"," 1.710000e+00"
"1"," 6.660000e+00"
"1"," 1.177000e+03"
"1"," 9.900000e+01"
"1"," 7.610000e+00"
"1"," 1.290000e+00"
"1","
"
"1"," [155]"
"1"," 3.340000e+01"
"1"," 4.080000e+01"
"1"," 1.531000e+06"
"1"," 5.331500e+00"
"1"," 1.000000e+00"
"1"," 2.973500e+01"
"1"," 2.977000e+03"
"1","
"
"1"," [162]"
"1"," 2.897000e+00"
"1"," 1.301500e+00"
"1"," 2.464800e+00"
"1"," 5.464481e-01"
"1"," 1.249400e+00"
"1"," 5.924500e+02"
"1"," 8.276400e+00"
"1","
"
"1"," [169]"
"1"," 2.327700e+03"
"1"," 4.753000e+02"
"1"," 2.454090e+01"
"1"," 6.064700e+00"
"1"," 5.800000e+00"
"1"," 8.149295e-01"
"1"," 7.780700e+00"
"1","
"
"1"," [176]"
"1"," 2.036430e+02"
"1"," 9.545000e+03"
"1"," 1.067150e+02"
"1"," 3.800000e+00"
"1"," 1.086750e+01"
"1"," 1.402300e+00"
"1"," 6.432600e+00"
"1","
"
"1"," [183]"
"1"," 5.962000e+01"
"1"," 3.254600e+00"
"1"," 5.455000e+01"
"1"," 3.309600e+00"
"1"," 2.840550e+01"
"1"," 3.750100e+00"
"1"," 1.660700e+00"
"1","
"
"1"," [190]"
"1"," 6.648200e+00"
"1"," 1.005500e+03"
"1"," 9.994500e+01"
"1"," 7.440200e+00"
"1"," 1.247500e+00"
"1"," 3.117500e+01"
"1"," 4.053000e+01"
"1","
"
"1"," [197]"
"1"," 1.369000e+00"
"1"," 3.672500e+00"
"1"," 5.060000e+00"
"1"," 1.000000e+00"
"1"," 2.412500e+01"
"1"," 2.629620e+03"
"1"," 3.063800e+00"
"1","
"
"1"," [204]"
"1"," 1.330800e+00"
"1"," 2.261500e+00"
"1"," 5.669256e-01"
"1"," 1.170400e+00"
"1"," 5.227500e+02"
"1"," 8.064100e+00"
"1"," 2.383750e+01"
"1","
"
"1"," [211]"
"1"," 6.176900e+00"
"1"," 5.740000e+00"
"1"," 8.281574e-01"
"1"," 7.751200e+00"
"1"," 2.069560e+02"
"1"," 9.460000e+03"
"1"," 1.143050e+02"
"1","
"
"1"," [218]"
"1"," 3.748800e+00"
"1"," 1.054250e+01"
"1"," 1.446700e+00"
"1"," 3.446000e+00"
"1"," 5.258000e+01"
"1"," 3.115100e+00"
"1"," 2.867000e+01"
"1","
"
"1"," [225]"
"1"," 1.635300e+00"
"1"," 6.080300e+00"
"1"," 9.774500e+02"
"1"," 7.711900e+00"
"1"," 1.277600e+00"
"1"," 3.194950e+01"
"1"," 3.975500e+01"
"1","
"
"1"," [232]"
"1"," 1.336500e+00"
"1"," 1.000000e+00"
"1"," 2.615920e+03"
"1"," 3.056500e+00"
"1"," 1.332530e+00"
"1"," 2.304500e+00"
"1"," 5.318017e-01"
"1","
"
"1"," [239]"
"1"," 1.120450e+00"
"1"," 5.299500e+02"
"1"," 8.026000e+00"
"1"," 2.503600e+03"
"1"," 5.095350e+02"
"1"," 2.210780e+01"
"1"," 5.818250e+00"
"1","
"
"1"," [246]"
"1"," 5.770750e+00"
"1"," 7.803660e-01"
"1"," 7.753300e+00"
"1"," 2.063444e+02"
"1"," 9.325000e+03"
"1"," 1.121050e+02"
"1"," 3.629500e+00"
"1","
"
"1"," [253]"
"1"," 1.130310e+01"
"1"," 1.621010e+00"
"1"," 6.102300e+00"
"1"," 6.005500e+01"
"1"," 3.261000e+00"
"1"," 5.262500e+01"
"1"," 3.099150e+00"
"1","
"
"1"," [260]"
"1"," 2.706375e+01"
"1"," 3.749000e+00"
"1"," 1.587300e+00"
"1"," 6.597000e+00"
"1"," 9.524000e+02"
"1"," 1.029550e+02"
"1"," 7.284550e+00"
"1","
"
"1"," [267]"
"1"," 1.208850e+00"
"1"," 3.214100e+01"
"1"," 3.844500e+01"
"1"," 1.541500e+00"
"1"," 3.672600e+00"
"1"," 5.050000e+00"
"1"," 1.000000e+00"
"1","
"
"1"," [274]"
"1"," 2.392500e+01"
"1"," 2.519580e+03"
"1"," 3.088750e+00"
"1"," 1.266865e+00"
"1"," 2.133500e+00"
"1"," 5.060345e-01"
"1"," 1.174850e+00"
"1","
"
"1"," [281]"
"1"," 5.401500e+02"
"1"," 7.774300e+00"
"1"," 2.239325e+03"
"1"," 5.095350e+02"
"1"," 2.150115e+01"
"1"," 5.753050e+00"
"1"," 5.700000e+00"
"1","
"
"1"," [288]"
"1"," 7.718134e-01"
"1"," 7.798450e+00"
"1"," 1.944237e+02"
"1"," 9.090000e+03"
"1"," 1.215850e+02"
"1"," 3.502000e+00"
"1"," 1.088940e+01"
"1","
"
"1"," [295]"
"1"," 1.427960e+00"
"1"," 6.102300e+00"
"1"," 6.005500e+01"
"1"," 3.189500e+00"
"1"," 4.905000e+01"
"1"," 2.971750e+00"
"1"," 2.653350e+01"
"1","
"
"1"," [302]"
"1"," 3.749000e+00"
"1"," 1.537950e+00"
"1"," 7.109750e+00"
"1"," 9.401500e+02"
"1"," 1.029550e+02"
"1"," 7.041250e+00"
"1"," 1.248500e+00"
"1","
"
"1"," [309]"
"1"," 3.292550e+01"
"1"," 3.530000e+01"
"1"," 1.409750e+00"
"1"," 3.672600e+00"
"1"," 5.050000e+00"
"1"," 1.000000e+00"
"1"," 2.392500e+01"
"1","
"
"1"," [316]"
"1"," 4.125278e+03"
"1"," 3.091500e+00"
"1"," 1.170000e+00"
"1"," 1.913000e+00"
"1"," 4.966106e-01"
"1"," 1.053450e+00"
"1"," 5.267500e+02"
"1","
"
"1"," [323]"
"1"," 7.604700e+00"
"1"," 1.956000e+03"
"1"," 5.186250e+02"
"1"," 2.111675e+01"
"1"," 5.460300e+00"
"1"," 5.690250e+00"
"1"," 7.337565e-01"
"1","
"
"1"," [330]"
"1"," 7.815550e+00"
"1"," 1.802106e+02"
"1"," 9.015000e+03"
"1"," 1.223150e+02"
"1"," 3.434500e+00"
"1"," 1.076755e+01"
"1"," 1.279700e+00"
"1","
"
"1"," [337]"
"1"," 5.813900e+00"
"1"," 6.037000e+01"
"1"," 3.167000e+00"
"1"," 4.589750e+01"
"1"," 2.751850e+00"
"1"," 2.564825e+01"
"1"," 3.750450e+00"
"1","
"
"1"," [344]"
"1"," 1.523750e+00"
"1"," 6.971000e+00"
"1"," 9.225000e+02"
"1"," 1.114000e+02"
"1"," 6.791650e+00"
"1"," 1.211200e+00"
"1"," 3.277050e+01"
"1","
"
"1"," [351]"
"1"," 3.445500e+01"
"1"," 1.298100e+00"
"1"," 3.672850e+00"
"1"," 5.027500e+00"
"1"," 1.000000e+00"
"1"," 2.394500e+01"
"1"," 2.147300e+03"
"1","
"
"1"," [358]"
"1"," 3.019500e+00"
"1"," 1.026000e+00"
"1"," 1.584600e+00"
"1"," 5.010397e-01"
"1"," 1.003550e+00"
"1"," 4.946500e+02"
"1"," 6.834000e+00"
"1","
"
"1"," [365]"
"1"," 1.798650e+03"
"1"," 5.510200e+02"
"1"," 1.449795e+01"
"1"," 4.704400e+00"
"1"," 5.312500e+00"
"1"," 6.304971e-01"
"1"," 7.797400e+00"
"1","
"
"1"," [372]"
"1"," 1.442578e+02"
"1"," 9.152000e+03"
"1"," 1.068550e+02"
"1"," 3.238000e+00"
"1"," 1.016850e+01"
"1"," 1.317700e+00"
"1"," 5.079150e+00"
"1","
"
"1"," [379]"
"1"," 7.090000e+01"
"1"," 2.840000e+00"
"1"," 4.448500e+01"
"1"," 2.031450e+00"
"1"," 2.323360e+01"
"1"," 3.749550e+00"
"1"," 1.352750e+00"
"1","
"
"1"," [386]"
"1"," 7.563250e+00"
"1"," 1.018050e+03"
"1"," 1.075500e+02"
"1"," 5.960850e+00"
"1"," 1.022150e+00"
"1"," 3.036250e+01"
"1"," 3.336000e+01"
"1","
"
"1"," [393]"
"1"," 1.192750e+00"
"1"," 3.672850e+00"
"1"," 4.600000e+00"
"1"," 1.000000e+00"
"1"," 1.915000e+01"
"1"," 3.811250e+00"
"1"," 1.286900e+00"
"1","
"
"1"," [400]"
"1"," 1.997100e+00"
"1"," 6.208866e-01"
"1"," 1.160850e+00"
"1"," 5.485500e+02"
"1"," 6.832700e+00"
"1"," 2.095600e+03"
"1"," 5.825700e+02"
"1","
"
"1"," [407]"
"1"," 1.866155e+01"
"1"," 5.337500e+00"
"1"," 5.584750e+00"
"1"," 7.168973e-01"
"1"," 7.750500e+00"
"1"," 1.991577e+02"
"1"," 1.020000e+04"
"1","
"
"1"," [414]"
"1"," 3.974250e+00"
"1"," 9.256500e+01"
"1"," 3.602000e+00"
"1"," 1.381040e+01"
"1"," 1.592350e+00"
"1"," 6.509250e+00"
"1"," 8.260000e+01"
"1","
"
"1"," [421]"
"1"," 3.027400e+00"
"1"," 4.838500e+01"
"1"," 3.155250e+00"
"1"," 3.279590e+01"
"1"," 3.750400e+00"
"1"," 1.464500e+00"
"1"," 8.280500e+00"
"1","
"
"1"," [428]"
"1"," 1.314500e+03"
"1"," 1.148600e+02"
"1"," 7.909150e+00"
"1"," 1.086050e+00"
"1"," 3.317550e+01"
"1"," 3.416500e+01"
"1"," 1.550050e+00"
"1","
"
"1"," [435]"
"1"," 3.673000e+00"
"1"," 7.660000e+00"
"1"," 1.000000e+00"
"1"," 2.317000e+01"
"1"," 3.798500e+00"
"1"," 1.093550e+00"
"1"," 1.723300e+00"
"1","
"
"1"," [442]"
"1"," 6.237525e-01"
"1"," 1.036800e+00"
"1"," 5.031000e+02"
"1"," 6.827200e+00"
"1"," 2.095600e+03"
"1"," 5.825700e+02"
"1"," 1.821005e+01"
"1","
"
"1"," [449]"
"1"," 5.161950e+00"
"1"," 5.465000e+00"
"1"," 6.936496e-01"
"1"," 7.756550e+00"
"1"," 1.866508e+02"
"1"," 9.320000e+03"
"1"," 3.732500e+00"
"1","
"
"1"," [456]"
"1"," 9.154000e+01"
"1"," 3.387500e+00"
"1"," 1.281375e+01"
"1"," 1.356850e+00"
"1"," 5.695550e+00"
"1"," 8.260000e+01"
"1"," 2.870500e+00"
"1","
"
"1"," [463]"
"1"," 4.592000e+01"
"1"," 2.835650e+00"
"1"," 2.992700e+01"
"1"," 3.750200e+00"
"1"," 1.395550e+00"
"1"," 7.304500e+00"
"1"," 1.140500e+03"
"1","
"
"1"," [470]"
"1"," 1.148600e+02"
"1"," 7.082100e+00"
"1"," 1.031150e+00"
"1"," 3.184250e+01"
"1"," 3.313500e+01"
"1"," 1.474550e+00"
"1"," 3.673000e+00"
"1","
"
"1"," [477]"
"1"," 7.660000e+00"
"1"," 1.000000e+00"
"1"," 2.317000e+01"
"1"," 3.933750e+00"
"1"," 1.133723e+00"
"1"," 1.774950e+00"
"1"," 6.573758e-01"
"1","
"
"1"," [484]"
"1"," 1.042350e+00"
"1"," 5.236500e+02"
"1"," 6.776900e+00"
"1"," 1.868450e+03"
"1"," 5.221150e+02"
"1"," 1.974760e+01"
"1"," 5.813650e+00"
"1","
"
"1"," [491]"
"1"," 5.699000e+00"
"1"," 7.801529e-01"
"1"," 7.774200e+00"
"1"," 2.219692e+02"
"1"," 9.063000e+03"
"1"," 3.861900e+00"
"1"," 8.718000e+01"
"1","
"
"1"," [498]"
"1"," 3.213500e+00"
"1"," 1.278200e+01"
"1"," 1.392758e+00"
"1"," 6.246250e+00"
"1"," 8.552500e+01"
"1"," 2.827500e+00"
"1"," 4.647000e+01"
"1","
"
"1"," [505]"
"1"," 3.196900e+00"
"1"," 3.044325e+01"
"1"," 3.750450e+00"
"1"," 1.374200e+00"
"1"," 7.536500e+00"
"1"," 1.204450e+03"
"1"," 1.127750e+02"
"1","
"
"1"," [512]"
"1"," 7.373550e+00"
"1"," 1.050850e+00"
"1"," 3.210550e+01"
"1"," 3.230500e+01"
"1"," 1.529300e+00"
"1"," 3.672850e+00"
"1"," 7.899000e+00"
"1","
"
"1"," [519]"
"1"," 1.000000e+00"
"1"," 2.110000e+01"
"1"," 4.132500e+00"
"1"," 9.223816e-01"
"1"," 6.975203e-01"
"1"," 6.975203e-01"
"1"," 1.541600e+00"
"1","
"
"1"," [526]"
"1"," 6.141374e-01"
"1"," 9.458500e-01"
"1"," 4.627500e+02"
"1"," 6.445000e+00"
"1"," 1.770500e+03"
"1"," 5.043050e+02"
"1"," 1.702190e+01"
"1","
"
"1"," [533]"
"1"," 5.198450e+00"
"1"," 5.962000e+00"
"1"," 6.975203e-01"
"1"," 6.975203e-01"
"1"," 6.975203e-01"
"1"," 6.975203e-01"
"1"," 6.975203e-01"
"1","
"
"1"," [540]"
"1"," 6.975203e-01"
"1"," 7.791800e+00"
"1"," 1.880724e+02"
"1"," 4.440000e+01"
"1"," 8.523000e+03"
"1"," 6.975203e-01"
"1"," 3.403350e+00"
"1","
"
"1"," [547]"
"1"," 6.975203e-01"
"1"," 7.836500e+01"
"1"," 2.973000e+00"
"1"," 1.167075e+01"
"1"," 6.975203e-01"
"1"," 1.156069e+00"
"1"," 5.414050e+00"
"1","
"
"1"," [554]"
"1"," 8.634500e+01"
"1"," 2.737500e+00"
"1"," 4.241000e+01"
"1"," 2.796800e+00"
"1"," 6.975203e-01"
"1"," 2.775250e+01"
"1"," 3.750200e+00"
"1","
"
"1"," [561]"
"1"," 1.207050e+00"
"1"," 6.768850e+00"
"1"," 1.056200e+03"
"1"," 6.975203e-01"
"1"," 1.094750e+02"
"1"," 6.335200e+00"
"1"," 8.061500e-01"
"1","
"
"1"," [568]"
"1"," 2.883400e+01"
"1"," 2.975000e+01"
"1"," 1.722850e+00"
"1"," 3.673050e+00"
"1"," 7.994000e+00"
"1"," 1.000000e+00"
"1"," 1.845000e+01"
"1","
"
"1"," [575]"
"1"," 4.294650e+00"
"1"," 4.313500e+00"
"1"," 9.723370e-01"
"1"," 7.882395e-01"
"1"," 7.882395e-01"
"1"," 1.805000e+00"
"1"," 6.512537e-01"
"1","
"
"1"," [582]"
"1"," 1.020950e+00"
"1"," 5.060500e+02"
"1"," 6.315500e+00"
"1"," 1.852150e+03"
"1"," 5.095400e+02"
"1"," 2.036535e+01"
"1"," 5.861350e+00"
"1","
"
"1"," [589]"
"1"," 6.037000e+00"
"1"," 7.882395e-01"
"1"," 7.882395e-01"
"1"," 7.882395e-01"
"1"," 7.882395e-01"
"1"," 7.882395e-01"
"1"," 7.882395e-01"
"1","
"
"1"," [596]"
"1"," 7.767350e+00"
"1"," 2.456943e+02"
"1"," 5.190500e+01"
"1"," 9.160000e+03"
"1"," 7.882395e-01"
"1"," 3.848500e+00"
"1"," 7.882395e-01"
"1","
"
"1"," [603]"
"1"," 7.692000e+01"
"1"," 3.139550e+00"
"1"," 1.368440e+01"
"1"," 7.882395e-01"
"1"," 1.260001e+00"
"1"," 6.039900e+00"
"1"," 9.005000e+01"
"1","
"
"1"," [610]"
"1"," 2.692500e+00"
"1"," 4.400500e+01"
"1"," 3.520450e+00"
"1"," 7.882395e-01"
"1"," 3.176930e+01"
"1"," 3.750200e+00"
"1"," 1.292800e+00"
"1","
"
"1"," [617]"
"1"," 8.130400e+00"
"1"," 1.158750e+03"
"1"," 7.882395e-01"
"1"," 1.139300e+02"
"1"," 6.933800e+00"
"1"," 9.551000e-01"
"1"," 2.997950e+01"
"1","
"
"1"," [624]"
"1"," 3.175000e+01"
"1"," 1.862950e+00"
"1"," 3.673000e+00"
"1"," 8.040500e+00"
"1"," 1.000000e+00"
"1"," 1.945000e+01"
"1"," 4.294650e+00"
"1","
"
"1"," [631]"
"1"," 4.566250e+00"
"1"," 9.743265e-01"
"1"," 8.248443e-01"
"1"," 8.248443e-01"
"1"," 2.042150e+00"
"1"," 6.462662e-01"
"1"," 1.019450e+00"
"1","
"
"1"," [638]"
"1"," 4.930500e+02"
"1"," 6.388500e+00"
"1"," 1.804475e+03"
"1"," 2.104800e+01"
"1"," 6.135600e+00"
"1"," 6.066500e+00"
"1"," 8.248443e-01"
"1","
"
"1"," [645]"
"1"," 8.248443e-01"
"1"," 8.248443e-01"
"1"," 8.248443e-01"
"1"," 8.248443e-01"
"1"," 8.248443e-01"
"1"," 7.758150e+00"
"1"," 2.382151e+02"
"1","
"
"1"," [652]"
"1"," 5.616500e+01"
"1"," 9.482500e+03"
"1"," 8.248443e-01"
"1"," 4.076250e+00"
"1"," 8.248443e-01"
"1"," 7.822000e+01"
"1"," 3.173500e+00"
"1","
"
"1"," [659]"
"1"," 1.368700e+01"
"1"," 8.248443e-01"
"1"," 1.273561e+00"
"1"," 6.092050e+00"
"1"," 9.460500e+01"
"1"," 4.220000e+01"
"1"," 3.460350e+00"
"1","
"
"1"," [666]"
"1"," 8.248443e-01"
"1"," 3.276525e+01"
"1"," 3.750250e+00"
"1"," 1.258500e+00"
"1"," 8.468300e+00"
"1"," 1.151000e+03"
"1"," 8.248443e-01"
"1","
"
"1"," [673]"
"1"," 1.310000e+02"
"1"," 6.977700e+00"
"1"," 9.906000e-01"
"1"," 3.019550e+01"
"1"," 3.170000e+01"
"1"," 1.826900e+00"
"1"," 3.672950e+00"
"1","
"
"1"," [680]"
"1"," 8.085500e+00"
"1"," 1.000000e+00"
"1"," 2.187000e+01"
"1"," 4.294650e+00"
"1"," 4.976500e+00"
"1"," 9.590946e-01"
"1"," 7.369468e-01"
"1","
"
"1"," [687]"
"1"," 7.369468e-01"
"1"," 1.993350e+00"
"1"," 6.332120e-01"
"1"," 1.002900e+00"
"1"," 4.717500e+02"
"1"," 6.220400e+00"
"1"," 1.773175e+03"
"1","
"
"1"," [694]"
"1"," 5.008300e+02"
"1"," 1.889495e+01"
"1"," 5.497950e+00"
"1"," 6.685750e+00"
"1"," 7.369468e-01"
"1"," 7.369468e-01"
"1"," 7.369468e-01"
"1","
"
"1"," [701]"
"1"," 7.369468e-01"
"1"," 7.369468e-01"
"1"," 7.369468e-01"
"1"," 7.759100e+00"
"1"," 2.174693e+02"
"1"," 5.339500e+01"
"1"," 9.767500e+03"
"1","
"
"1"," [708]"
"1"," 7.369468e-01"
"1"," 3.724550e+00"
"1"," 7.369468e-01"
"1"," 9.106500e+01"
"1"," 3.083000e+00"
"1"," 1.273840e+01"
"1"," 7.369468e-01"
"1","
"
"1"," [715]"
"1"," 1.202429e+00"
"1"," 5.483100e+00"
"1"," 9.766500e+01"
"1"," 2.559500e+00"
"1"," 4.060000e+01"
"1"," 3.092000e+00"
"1"," 7.369468e-01"
"1","
"
"1"," [722]"
"1"," 3.004500e+01"
"1"," 3.750200e+00"
"1"," 1.234850e+00"
"1"," 9.047000e+00"
"1"," 1.085475e+03"
"1"," 7.369468e-01"
"1"," 1.264500e+02"
"1","
"
"1"," [729]"
"1"," 6.349200e+00"
"1"," 9.123000e-01"
"1"," 2.950200e+01"
"1"," 2.975500e+01"
"1"," 1.768750e+00"
"1"," 3.673050e+00"
"1"," 8.144000e+00"
"1","
"
"1"," [736]"
"1"," 1.000000e+00"
"1"," 1.928000e+01"
"1"," 4.294650e+00"
"1"," 5.412500e+00"
"1"," 1.089859e+00"
"1"," 7.777562e-01"
"1"," 7.777562e-01"
"1","
"
"1"," [743]"
"1"," 2.270650e+00"
"1"," 6.691425e-01"
"1"," 1.051250e+00"
"1"," 5.081550e+02"
"1"," 6.134100e+00"
"1"," 1.921000e+03"
"1"," 4.986750e+02"
"1","
"
"1"," [750]"
"1"," 2.018280e+01"
"1"," 5.800600e+00"
"1"," 7.009150e+00"
"1"," 7.777562e-01"
"1"," 7.777562e-01"
"1"," 7.777562e-01"
"1"," 7.777562e-01"
"1","
"
"1"," [757]"
"1"," 7.777562e-01"
"1"," 7.777562e-01"
"1"," 7.756650e+00"
"1"," 2.284620e+02"
"1"," 5.998000e+01"
"1"," 9.965000e+03"
"1"," 7.777562e-01"
"1","
"
"1"," [764]"
"1"," 3.645950e+00"
"1"," 7.777562e-01"
"1"," 1.001050e+02"
"1"," 3.180500e+00"
"1"," 1.294115e+01"
"1"," 7.777562e-01"
"1"," 1.279345e+00"
"1","
"
"1"," [771]"
"1"," 6.128100e+00"
"1"," 1.000350e+02"
"1"," 2.783000e+00"
"1"," 4.344000e+01"
"1"," 3.365500e+00"
"1"," 7.777562e-01"
"1"," 3.293890e+01"
"1","
"
"1"," [778]"
"1"," 3.750200e+00"
"1"," 1.274700e+00"
"1"," 1.004725e+01"
"1"," 1.135700e+03"
"1"," 7.777562e-01"
"1"," 1.308000e+02"
"1"," 6.758300e+00"
"1","
"
"1"," [785]"
"1"," 9.674000e-01"
"1"," 3.002850e+01"
"1"," 3.127500e+01"
"1"," 1.957450e+00"
"1"," 3.673000e+00"
"1"," 8.155000e+00"
"1"," 1.000000e+00"
"1","
"
"1"," [792]"
"1"," 2.108500e+01"
"1"," 6.292100e+00"
"1"," 6.921250e+00"
"1"," 1.128859e+00"
"1"," 7.372185e-01"
"1"," 7.372185e-01"
"1"," 2.363050e+00"
"1","
"
"1"," [799]"
"1"," 6.030090e-01"
"1"," 1.105100e+00"
"1"," 5.419500e+02"
"1"," 6.051300e+00"
"1"," 1.982795e+03"
"1"," 5.019200e+02"
"1"," 2.028380e+01"
"1","
"
"1"," [806]"
"1"," 5.501400e+00"
"1"," 6.961000e+00"
"1"," 7.372185e-01"
"1"," 7.372185e-01"
"1"," 7.372185e-01"
"1"," 7.372185e-01"
"1"," 7.372185e-01"
"1","
"
"1"," [813]"
"1"," 7.372185e-01"
"1"," 7.757850e+00"
"1"," 2.230970e+02"
"1"," 6.184500e+01"
"1"," 1.214000e+04"
"1"," 7.372185e-01"
"1"," 3.488200e+00"
"1","
"
"1"," [820]"
"1"," 7.372185e-01"
"1"," 1.042450e+02"
"1"," 2.545400e+00"
"1"," 3.323500e+00"
"1"," 1.333275e+01"
"1"," 7.372185e-01"
"1"," 1.203008e+00"
"1","
"
"1"," [827]"
"1"," 6.157450e+00"
"1"," 1.054150e+02"
"1"," 2.806500e+00"
"1"," 4.523000e+01"
"1"," 3.068400e+00"
"1"," 7.372185e-01"
"1"," 3.393925e+01"
"1","
"
"1"," [834]"
"1"," 3.750400e+00"
"1"," 1.278850e+00"
"1"," 1.087765e+01"
"1"," 1.067300e+03"
"1"," 7.372185e-01"
"1"," 1.308000e+02"
"1"," 6.473150e+00"
"1","
"
"1"," [841]"
"1"," 9.100500e-01"
"1"," 3.016100e+01"
"1"," 3.287500e+01"
"1"," 2.261550e+00"
"1"," 3.673000e+00"
"1"," 8.379000e+00"
"1"," 1.000000e+00"
"1","
"
"1"," [848]"
"1"," 2.138000e+01"
"1"," 6.292100e+00"
"1"," 8.168750e+00"
"1"," 1.059378e+00"
"1"," 7.427489e-01"
"1"," 7.427489e-01"
"1"," 2.220250e+00"
"1","
"
"1"," [855]"
"1"," 5.867856e-01"
"1"," 1.074050e+00"
"1"," 5.641400e+02"
"1"," 6.198300e+00"
"1"," 1.847650e+03"
"1"," 5.373000e+02"
"1"," 2.038770e+01"
"1","
"
"1"," [862]"
"1"," 5.538800e+00"
"1"," 7.150050e+00"
"1"," 7.427489e-01"
"1"," 7.427489e-01"
"1"," 7.427489e-01"
"1"," 7.427489e-01"
"1"," 7.427489e-01"
"1","
"
"1"," [869]"
"1"," 7.427489e-01"
"1"," 7.750450e+00"
"1"," 2.283062e+02"
"1"," 6.008875e+01"
"1"," 1.150500e+04"
"1"," 7.427489e-01"
"1"," 3.413800e+00"
"1","
"
"1"," [876]"
"1"," 7.427489e-01"
"1"," 1.015300e+02"
"1"," 2.564550e+00"
"1"," 3.167500e+00"
"1"," 1.293255e+01"
"1"," 7.427489e-01"
"1"," 1.152738e+00"
"1","
"
"1"," [883]"
"1"," 6.187300e+00"
"1"," 9.868000e+01"
"1"," 2.788000e+00"
"1"," 4.320500e+01"
"1"," 3.071400e+00"
"1"," 7.427489e-01"
"1"," 3.483725e+01"
"1","
"
"1"," [890]"
"1"," 3.750350e+00"
"1"," 1.238000e+00"
"1"," 1.051450e+01"
"1"," 1.023750e+03"
"1"," 7.427489e-01"
"1"," 1.302550e+02"
"1"," 6.836000e+00"
"1","
"
"1"," [897]"
"1"," 9.024000e-01"
"1"," 2.998200e+01"
"1"," 3.178000e+01"
"1"," 2.091250e+00"
"1"," 3.673050e+00"
"1"," 1.168500e+01"
"1"," 1.000000e+00"
"1","
"
"1"," [904]"
"1"," 2.297000e+01"
"1"," 1.100000e+01"
"1"," 2.123000e+04"
"1"," 8.610000e+00"
"1"," 1.227220e+00"
"1"," 8.630734e-01"
"1"," 8.630734e-01"
"1","
"
"1"," [911]"
"1"," 2.592750e+00"
"1"," 6.615944e-01"
"1"," 1.228550e+00"
"1"," 6.274850e+02"
"1"," 6.211500e+00"
"1"," 2.364980e+03"
"1"," 5.360900e+02"
"1","
"
"1"," [918]"
"1"," 2.413325e+01"
"1"," 6.417400e+00"
"1"," 7.350050e+00"
"1"," 8.630734e-01"
"1"," 8.630734e-01"
"1"," 8.630734e-01"
"1"," 8.630734e-01"
"1","
"
"1"," [925]"
"1"," 8.630734e-01"
"1"," 8.630734e-01"
"1"," 7.751350e+00"
"1"," 2.713934e+02"
"1"," 6.161500e+01"
"1"," 1.248000e+04"
"1"," 8.630734e-01"
"1","
"
"1"," [932]"
"1"," 3.934150e+00"
"1"," 8.630734e-01"
"1"," 1.177650e+02"
"1"," 3.615500e+00"
"1"," 1.462750e+01"
"1"," 8.630734e-01"
"1"," 1.313284e+00"
"1","
"
"1"," [939]"
"1"," 7.622500e+00"
"1"," 1.007350e+02"
"1"," 3.008000e+00"
"1"," 4.441000e+01"
"1"," 3.706600e+00"
"1"," 8.630734e-01"
"1"," 6.522700e+01"
"1","
"
"1"," [946]"
"1"," 3.756900e+00"
"1"," 1.333150e+00"
"1"," 1.147875e+01"
"1"," 1.083300e+03"
"1"," 8.630734e-01"
"1"," 1.318750e+02"
"1"," 8.191450e+00"
"1","
"
"1"," [953]"
"1"," 8.616500e-01"
"1"," 3.149300e+01"
"1"," 3.260500e+01"
"1"," 2.333450e+00"
"1"," 3.673050e+00"
"1"," 1.582200e+01"
"1"," 1.000000e+00"
"1","
"
"1"," [960]"
"1"," 2.442500e+01"
"1"," 5.210210e+01"
"1"," 2.138000e+04"
"1"," 9.135000e+00"
"1"," 1.351260e+00"
"1"," 9.127002e-01"
"1"," 9.127002e-01"
"1","
"
"1"," [967]"
"1"," 3.152350e+00"
"1"," 6.404509e-01"
"1"," 1.289700e+00"
"1"," 6.424500e+02"
"1"," 6.209200e+00"
"1"," 2.708900e+03"
"1"," 5.333000e+02"
"1","
"
"1"," [974]"
"1"," 2.470225e+01"
"1"," 6.811050e+00"
"1"," 7.830050e+00"
"1"," 9.127002e-01"
"1"," 9.127002e-01"
"1"," 9.127002e-01"
"1"," 9.127002e-01"
"1","
"
"1"," [981]"
"1"," 9.127002e-01"
"1"," 9.127002e-01"
"1"," 7.750800e+00"
"1"," 2.828778e+02"
"1"," 6.343000e+01"
"1"," 1.334450e+04"
"1"," 9.127002e-01"
"1","
"
"1"," [988]"
"1"," 3.778350e+00"
"1"," 9.127002e-01"
"1"," 1.239350e+02"
"1"," 3.806500e+00"
"1"," 1.573975e+01"
"1"," 9.127002e-01"
"1"," 1.509092e+00"
"1","
"
"1"," [995]"
"1"," 8.142550e+00"
"1"," 1.017000e+02"
"1"," 3.183500e+00"
"1"," 4.521250e+01"
"1"," 3.773600e+00"
"1"," 9.127002e-01"
"1","
"
"1"," [ reached getOption(""max.print"") -- omitted 370 entries ]
"
